dates,openp,closep,highp,lowp,ub_y0_p0,lb_y0,mv_p0,bw_p1,pctb_y0_p2
2015/3/20,96.9,97.09,97.96,96.525,,,,,
2015/3/23,97.095,97.02,97.095,96.84,,,,,
2015/3/25,97.02,96.85,97.03,96.76,,,,,
2015/3/26,96.835,96.37,96.89,96.37,,,,,
2015/3/27,96.3,96.49,96.51,95.98,,,,,
2015/3/30,96.065,96.16,96.4,96,,,,,
2015/3/31,95.8,95.65,95.9,95.565,,,,,
2015/4/1,95.66,96.095,96.095,95.655,,,,,
2015/4/2,96.3,96.32,96.425,96.2,,,,,
2015/4/3,96.315,96.01,96.375,96.005,,,,,
2015/4/7,96.005,95.93,96.31,95.8,,,,,
2015/4/8,96,95.16,96.1,95.13,,,,,
2015/4/9,95.3,95.265,95.4,95.195,,,,,
2015/4/10,95.35,95.19,95.415,95.17,,,,,
2015/4/13,95.18,95.63,95.68,95.18,,,,,
2015/4/14,95.7,95.57,96,95.53,,,,,
2015/4/15,95.9,96.15,96.285,95.775,,,,,
2015/4/16,96.735,96.18,96.735,95.86,,,,,
2015/4/17,96.19,96.3,96.5,96.05,97.26042826,94.97457174,96.1175,0.023781897,0.579838782
2015/4/20,97.1,97.25,97.275,96.67,97.29741681,94.95358319,96.1255,0.024383058,0.979769551
2015/4/21,97.295,97.39,97.95,97.26,97.38165342,94.90634658,96.144,0.025745828,1.003371936
2015/4/22,97.4,97.42,97.615,97.31,97.48599886,94.85200114,96.169,0.02738926,0.974943463
2015/4/23,97.365,97.34,97.455,96.945,97.57682245,94.81017755,96.1935,0.028761246,0.914400851
2015/4/24,97.22,97.03,97.255,96.82,97.65581487,94.79718513,96.2265,0.029707302,0.781078724
2015/4/27,97.08,97.76,97.85,97.08,97.86583311,94.71416689,96.29,0.032730982,0.966419949
2015/4/28,97.6,97.74,97.84,97.58,98.06470221,94.67329779,96.369,0.035191861,0.904257301
2015/4/29,97.67,97.69,97.775,97.52,98.22582364,94.71617636,96.471,0.036380335,0.847328351
2015/4/30,97.695,97.955,98.1,97.695,98.42329718,94.70470282,96.564,0.038509117,0.874066076
2015/5/4,97.91,97.6,97.91,97.54,98.53675719,94.71924281,96.628,0.039507331,0.754615937
2015/5/5,97.51,97.505,97.675,97.485,98.6258841,94.7796159,96.70275,0.039774135,0.708578799
2015/5/6,97.42,97.155,97.47,97.065,98.66266163,94.86533837,96.764,0.039243141,0.602967267
2015/5/7,97.145,97.2,97.37,97.095,98.62291662,95.10908338,96.866,0.036275197,0.595052889
2015/5/8,97.3,97.45,97.615,97.29,98.58602148,95.36447852,96.97525,0.033220259,0.647367273
2015/5/11,97.41,97.32,97.5,96.5,98.47299504,95.69050496,97.08175,0.028661309,0.585624744
2015/5/12,97.31,96.99,97.46,96.88,98.37336544,95.92613456,97.14975,0.025190295,0.434722138
2015/5/13,97.02,97.225,97.35,96.965,98.21832706,96.24667294,97.2325,0.020277727,0.496196087
2015/5/14,97.42,97.1,97.53,97.005,98.1355583,96.4244417,97.28,0.017589603,0.394805532
2015/5/15,97.15,97.185,97.345,97.125,98.02428512,96.63621488,97.33025,0.014261447,0.395358322
2015/5/18,97.2,96.705,97.29,96.675,97.93867429,96.76232571,97.3505,0.012083642,-0.048731904
2015/5/19,96.695,96.56,96.84,96.475,97.99728261,96.63471739,97.316,0.014001451,-0.054835823
2015/5/20,96.565,96.88,96.915,96.55,97.99652337,96.58447663,97.2905,0.014513717,0.209287244
2015/5/21,96.9,96.675,96.9,96.47,98.00513613,96.50136387,97.25325,0.015462437,0.115467038
2015/5/22,96.67,96.74,96.81,96.67,98.00613744,96.44036256,97.22325,0.016104943,0.191366873
2015/5/25,96.7,96.52,96.825,96.465,98.03545803,96.36004197,97.19775,0.01723719,0.095473618
2015/5/26,96.505,95.66,96.505,95.21,98.12588346,96.05961654,97.09275,0.021281372,-0.193400249
2015/5/27,95.67,95.8,95.965,95.58,98.12720161,95.86429839,96.99575,0.023329921,-0.028414113
2015/5/28,95.65,95,95.74,94.81,98.24256414,95.47993586,96.86125,0.028521501,-0.173724372
2015/5/29,95.08,94.92,95.145,94.835,98.23604807,95.18295193,96.7095,0.031569764,-0.08612632
2015/6/1,94.935,94.215,94.96,93.9,98.35730111,94.72319889,96.54025,0.037643389,-0.139841659
2015/6/2,94.58,94.99,95.1,94.415,98.29410874,94.53489126,96.4145,0.038990167,0.121064753
2015/6/3,94.88,95.06,95.4,94.655,98.24528733,94.37421267,96.30975,0.040194006,0.177156834
2015/6/4,95.07,94.91,95.265,94.555,98.17697015,94.21352985,96.19525,0.041202038,0.175723638
2015/6/5,94.98,95.3,95.37,94.97,98.01813979,94.15736021,96.08775,0.040179727,0.295960898
2015/6/8,95.205,95.56,95.62,95.19,97.85647958,94.14302042,95.99975,0.038681967,0.381579417
2015/6/9,95.54,95.475,95.68,95.38,97.73602815,94.11197185,95.924,0.037780496,0.376105677
2015/6/10,95.435,94.98,95.435,94.92,97.56467691,94.05882309,95.81175,0.036591063,0.262753942
2015/6/11,94.98,94.83,95.055,94.775,97.39591685,94.00058315,95.69825,0.03547958,0.244281395
2015/6/12,94.845,94.62,95.05,94.515,97.18453399,93.95546601,95.57,0.033787464,0.20579746
2015/6/15,94.55,94.205,94.62,94.2,97.0757115,93.8142885,95.445,0.034170706,0.119797862
2015/6/16,94.295,95.13,95.135,94.26,96.92590813,93.82109187,95.3735,0.032554287,0.421573459
2015/6/17,95.1,94.96,95.2,94.7,96.67513908,93.87986092,95.2775,0.029338282,0.386415597
2015/6/18,95,95.25,95.41,94.915,96.44828009,93.96421991,95.20625,0.026091356,0.517612295
2015/6/19,95.25,95.02,95.37,94.82,96.14470827,94.09579173,95.12025,0.021540277,0.451071702
2015/6/23,94.895,94.91,95.03,94.58,95.84010914,94.23939086,95.03975,0.016842619,0.418942638
2015/6/24,94.9,94.885,94.98,94.705,95.750944,94.251056,95.001,0.015788129,0.422660892
2015/6/25,94.78,94.8,95.305,94.7,95.60888753,94.29311247,94.951,0.013857411,0.385238743
2015/6/26,94.8,94.715,94.945,94.63,95.60207905,94.27142095,94.93675,0.014016259,0.333353137
2015/6/29,95.01,94.535,95.05,94.385,95.60554433,94.22945567,94.9175,0.014497734,0.222038259
2015/6/30,94.6,94.755,94.955,94.54,95.55855944,94.33044056,94.9445,0.012935124,0.345698977
2015/7/1,94.82,94.645,94.865,94.595,95.55446986,94.30003014,94.92725,0.013214748,0.274999152
2015/7/2,94.65,94.61,94.695,94.365,95.54348684,94.26601316,94.90475,0.013460587,0.269271176
2015/7/3,94.7,95.22,95.27,94.65,95.57362183,94.26687817,94.92025,0.013766753,0.729386993
2015/7/6,95.5,95.92,96.05,95.31,95.7220345,94.1804655,94.95125,0.016235373,1.128418187
2015/7/7,96.18,96.28,96.38,95.975,95.91887479,94.05562521,94.98725,0.019615786,1.193814727
2015/7/8,96.48,95.8,96.98,95.34,95.97889787,94.02810213,95.0035,0.020533935,0.908294926
2015/7/9,95.86,96.15,96.58,95.72,96.15767057,93.96632943,95.062,0.023051705,0.9964996
2015/7/10,96,95.95,96.01,95.6,96.27337613,93.96262387,95.118,0.024293533,0.860055907
2015/7/13,95.85,95.72,96.125,95.67,96.3330319,94.0129681,95.173,0.024377332,0.735769379
2015/7/14,95.815,95.575,95.815,95.38,96.32400681,94.15899319,95.2415,0.02273183,0.654040601
2015/7/15,95.38,95.445,95.58,95.28,96.34197335,94.17252665,95.25725,0.02277461,0.586542804
2015/7/16,95.78,95.75,95.78,95.48,96.39277589,94.20072411,95.29675,0.023002377,0.706769751
2015/7/17,95.75,95.8,95.91,95.615,96.4415963,94.2069037,95.32425,0.023443065,0.712892816
2015/7/20,95.81,95.75,95.93,95.67,96.4836359,94.2378641,95.36075,0.023550274,0.673325713
2015/7/21,95.7,95.54,95.75,95.525,96.49800528,94.28649472,95.39225,0.023183336,0.566809538
2015/7/22,95.54,95.63,95.73,95.38,96.51439124,94.34460876,95.4295,0.02273702,0.592405576
2015/7/23,95.775,95.91,95.965,95.71,96.54876219,94.42123781,95.485,0.022281242,0.699762693
2015/7/24,95.98,95.86,96.16,95.83,96.55616555,94.52833445,95.54225,0.021224444,0.656694509
2015/7/27,95.895,96.04,96.04,95.58,96.54054659,94.69445341,95.6175,0.019307064,0.728861688
2015/7/28,96,96.03,96.13,95.885,96.53037234,94.83212766,95.68125,0.017748981,0.7053591
2015/7/29,96.045,96.11,96.175,95.955,96.47668349,95.03231651,95.7545,0.015084064,0.746128583
2015/7/30,96.13,95.98,96.17,95.78,96.32397305,95.32202695,95.823,0.010456217,0.656695055
2015/7/31,96.1,95.545,96.1,95.45,96.27817226,95.40032774,95.83925,0.009159551,0.164803968
2015/8/3,95.355,95.555,95.715,95.355,96.27506607,95.36693393,95.821,0.009477381,0.207091088
2015/8/4,95.555,95.71,95.84,95.555,96.19654826,95.38845174,95.7925,0.008435906,0.397908236
2015/8/5,95.725,95.605,95.795,95.57,96.19493291,95.37056709,95.78275,0.008606621,0.284379706
2015/8/6,95.545,95.875,95.885,95.5,96.14829672,95.38970328,95.769,0.007921075,0.639732293
2015/8/7,95.805,95.915,95.94,95.7,96.14350091,95.39099909,95.76725,0.007857611,0.696345038
2015/8/10,95.93,95.675,95.98,95.6,96.14288887,95.38711113,95.765,0.007892004,0.380917372
2015/8/11,95.605,95.19,95.7,95.16,96.19321257,95.29828743,95.74575,0.009346891,-0.121001665
2015/8/12,95.12,95.33,95.345,94.8,96.20537082,95.27462918,95.74,0.009721555,0.059491074
2015/8/13,95.33,95.325,95.405,95.18,96.21793809,95.21956191,95.71875,0.010430309,0.105609582
2015/8/14,95.535,95.64,95.69,95.445,96.20960143,95.21189857,95.71075,0.010424146,0.429087103
2015/8/17,95.115,95.32,95.45,95.115,96.21577896,95.16272104,95.68925,0.011004976,0.149354523
2015/8/18,95.425,95.485,95.49,95.255,96.21668016,95.15631984,95.6865,0.011081608,0.309970255
2015/8/19,95.52,95.37,95.52,95.235,96.22105,95.12595,95.6735,0.011446221,0.222856359
2015/8/20,95.335,95.45,95.455,95.285,96.19501722,95.10598278,95.6505,0.011385559,0.315891956
2015/8/21,95.5,95.52,95.68,95.44,96.17198955,95.09501045,95.6335,0.011261526,0.394612626
2015/8/24,95.55,95.785,95.82,95.55,96.13149725,95.11000275,95.62075,0.01068277,0.660793818
2015/8/25,95.95,95.8,95.98,95.74,96.09222283,95.12627717,95.60925,0.010103056,0.697474879
2015/8/26,95.95,96.005,96.04,95.805,96.06695356,95.14104644,95.604,0.009684816,0.933088795
2015/8/27,96.085,96.4,96.445,96.005,96.18268271,95.06731729,95.625,0.011663952,1.19483955
2015/8/28,96.28,96.255,96.45,96.145,96.28023301,95.04076699,95.6605,0.012956926,0.979642034
2015/8/31,96.21,96.76,96.86,96.19,96.50120035,94.94029965,95.72075,0.016306816,1.165801482
2015/9/1,96.82,96.915,97.045,96.805,96.71897974,94.84302026,95.781,0.019585925,1.104490666
2015/9/2,96.94,96.62,96.995,96.52,96.83379429,94.82970571,95.83175,0.020912574,0.89332094
2015/9/7,96.6,96.42,96.6,96.4,96.89338677,94.82461323,95.859,0.021581422,0.771175161
2015/9/8,96.38,96.375,96.48,96.085,96.94051972,94.82348028,95.882,0.022079634,0.732872374
2015/9/9,96.32,96.195,96.49,96.195,96.97044247,94.84555753,95.908,0.02215545,0.635066137
2015/9/10,96.185,96.395,96.475,96.055,96.99712937,94.93937063,95.96825,0.021442078,0.707385829
2015/9/11,96.48,96.255,96.48,96.25,97.0069762,95.0220238,96.0145,0.020673465,0.621161596
2015/9/14,96.4,96.41,96.455,96.27,97.02239498,95.11510502,96.06875,0.019853386,0.678918784
2015/9/15,96.45,96.655,96.675,96.33,97.08443989,95.15456011,96.1195,0.020077922,0.777478423
2015/9/16,96.68,96.535,96.715,96.45,97.08746263,95.27303737,96.18025,0.018864842,0.695516459
2015/9/17,96.46,96.365,96.55,96.225,97.07597927,95.37252073,96.22425,0.017703007,0.58262602
2015/9/18,96.38,96.395,96.655,96.35,97.03366819,95.51733181,96.2755,0.015749971,0.578808371
2015/9/21,96.39,96.415,96.475,96.315,96.98185998,95.66564002,96.32375,0.013664542,0.569327318
2015/9/22,96.44,96.26,96.465,96.165,96.90778085,95.81371915,96.36075,0.011353811,0.407911958
2015/9/23,96.3,96.305,96.42,96.255,96.86723179,95.90626821,96.38675,0.009969872,0.414929138
2015/9/24,96.29,96.515,96.525,96.2,96.82273118,96.02226882,96.4225,0.008301614,0.615558212
2015/9/25,96.53,96.665,96.735,96.445,96.81981991,96.09118009,96.4555,0.007554155,0.787522026
2015/9/28,96.66,96.935,96.975,96.655,96.9008605,96.0636395,96.48225,0.008677461,1.040777167
2015/9/29,97,97.23,97.31,97,97.04793907,96.01406093,96.531,0.010710322,1.176095156
2015/9/30,97.21,97.315,97.335,97.05,97.17241827,95.94508173,96.55875,0.012710775,1.116171662
2015/10/8,97.245,97.27,97.29,97.06,97.24815542,95.90484458,96.5765,0.013909293,1.016261748
2015/10/9,97.255,98.13,98.15,97.23,97.60626097,95.69773903,96.652,0.019746326,1.274421278
2015/10/12,98.13,98.185,98.45,97.93,97.89727841,95.58322159,96.74025,0.023920311,1.124336439
2015/10/13,98.215,98.72,98.895,98.09,98.28610946,95.42889054,96.8575,0.029499202,1.151857645
2015/10/14,98.72,98.715,99.245,98.35,98.58964476,95.37735524,96.9835,0.033122021,1.039023642
2015/10/15,98.6,98.53,98.78,98.335,98.80582126,95.37467874,97.09025,0.035339723,0.919612415
2015/10/16,98.45,98.07,98.48,98.005,98.90224838,95.45975162,97.181,0.035423558,0.758242799
2015/10/19,98.05,98.22,98.3,98.05,99.0113135,95.5316865,97.2715,0.035772318,0.772586689
2015/10/20,98.315,99.165,99.165,98.265,99.29568481,95.49831519,97.397,0.038988569,0.965585439
2015/10/21,99.165,98.885,99.32,98.81,99.47511189,95.55388811,97.5145,0.0402117,0.849508234
2015/10/22,98.81,99.29,99.29,98.81,99.69167411,95.62982589,97.66075,0.041591409,0.901110507
2015/10/23,99.295,98.955,99.48,98.92,99.80709307,95.77040693,97.78875,0.041279658,0.788912727
2015/10/26,99.05,99.245,99.355,98.795,99.94030342,95.92019658,97.93025,0.041050716,0.827043547
2015/10/27,99.4,99.765,99.845,99.255,100.113678,96.09732197,98.1055,0.040939153,0.913185478
2015/10/28,99.7,99.39,99.93,99.285,100.1621786,96.35732135,98.25975,0.03872244,0.797054505
2015/10/29,99.15,98.685,99.25,98.685,100.1001515,96.63634852,98.36825,0.035212611,0.591445733
2015/10/30,98.605,98.83,98.96,98.5,100.0305402,96.92245978,98.4765,0.031561646,0.613735795
2015/11/2,98.895,98.805,99.17,98.705,99.95795173,97.18204827,98.57,0.028161748,0.584657123
2015/11/3,98.82,98.6,98.875,98.555,99.88296816,97.39403184,98.6385,0.025232909,0.484531545
2015/11/4,98.565,98.355,98.69,98.195,99.78760027,97.59339973,98.6905,0.022233148,0.347096929
2015/11/5,98.3,98.665,98.69,98.17,99.64384196,97.87665804,98.76025,0.017893676,0.446100687
2015/11/6,98.685,98.255,98.74,98.19,99.63378946,97.89921054,98.7665,0.017562422,0.205115751
2015/11/9,97.9,97.29,97.975,97.275,99.7765309,97.6669691,98.72175,0.021368764,-0.178695451
2015/11/10,97.305,97.66,97.68,97.23,99.82061316,97.51688684,98.66875,0.023348085,0.062122468
2015/11/11,97.71,98.175,98.18,97.635,99.81316058,97.47033942,98.64175,0.023750807,0.300774379
2015/11/12,97.995,98.085,98.24,97.47,99.81520858,97.42379142,98.6195,0.024248928,0.276492362
2015/11/13,98.35,97.94,98.53,97.915,99.8219268,97.4040732,98.613,0.024518609,0.221653949
2015/11/16,97.97,98.34,98.365,97.87,99.82123791,97.41676209,98.619,0.024381466,0.383966394
2015/11/17,98.335,98.52,98.575,98.205,99.76299519,97.41050481,98.58675,0.023862135,0.471625814
2015/11/18,98.51,97.975,98.61,97.94,99.73804938,97.34445062,98.54125,0.024290323,0.263431528
2015/11/19,97.92,98.21,98.365,97.895,99.64071641,97.33378359,98.48725,0.02342367,0.37981878
2015/11/20,98.32,98.63,98.68,98.18,99.60666985,97.33533015,98.471,0.023066077,0.570002739
2015/11/23,98.5,98.5,98.76,98,99.5128926,97.3546074,98.43375,0.021926272,0.530695665
2015/11/24,98.05,98.51,98.55,97.9,99.26291704,97.47908296,98.371,0.018133739,0.577922046
2015/11/25,98.59,98.59,98.69,98.42,99.09978866,97.56221134,98.331,0.015636751,0.668446814
2015/11/26,98.61,98.94,99.03,98.365,99.14343666,97.54406334,98.34375,0.016263091,0.872802269
2015/11/27,98.93,98.695,99.075,98.575,99.12230504,97.55169496,98.337,0.01597171,0.727936906
2015/11/30,98.695,99.015,99.235,98.63,99.16260429,97.53239571,98.3475,0.016576004,0.909456808
2015/12/1,99.105,98.75,99.18,98.66,99.1819341,97.5280659,98.355,0.016815294,0.738834027
2015/12/2,98.795,98.83,99.095,98.685,99.23121041,97.52628959,98.37875,0.017330174,0.764675048
2015/12/3,98.805,98.965,99.025,98.65,99.27587173,97.51162827,98.39375,0.017930442,0.823793179
2015/12/4,98.9,98.86,99.165,98.76,99.32627823,97.52172177,98.424,0.018334517,0.741610618
2015/12/7,98.86,98.95,99.035,98.73,99.27165286,97.74234714,98.507,0.015524843,0.78967393
2015/12/8,99,99.195,99.205,98.91,99.29951445,97.86798555,98.58375,0.014520942,0.926991029
2015/12/9,99.205,99.17,99.28,99.01,99.36680826,97.90019174,98.6335,0.014869355,0.865807963
2015/12/10,99.15,99.105,99.295,99.015,99.39978246,97.96921754,98.6845,0.014496349,0.793939823
2015/12/11,99.105,99.37,99.37,99.04,99.44469877,98.06730123,98.756,0.013947482,0.945768182
2015/12/14,99.15,98.87,99.225,98.82,99.44543665,98.11956335,98.7825,0.013422148,0.56599424
2015/12/15,98.895,99.085,99.125,98.82,99.47468731,98.14681269,98.81075,0.013438564,0.706533054
2015/12/16,99.085,99.16,99.2,98.9,99.42809497,98.31190503,98.87,0.01128947,0.75981241
2015/12/17,99.16,99.15,99.295,99.085,99.39782637,98.43617363,98.917,0.009721815,0.742291203
2015/12/18,99.205,99.56,99.6,99.175,99.50086487,98.42613513,98.9635,0.01085986,1.05502326
2015/12/21,99.57,99.805,99.92,99.51,99.63734572,98.42015428,99.02875,0.012291294,1.137738629
2015/12/22,99.895,99.905,100.11,99.815,99.76982034,98.42717966,99.0985,0.013548547,1.100681933
2015/12/23,99.9,99.98,100.02,99.825,99.89946702,98.43653298,99.168,0.014752078,1.055048949
2015/12/24,100,100.28,100.335,99.92,100.1033317,98.36666827,99.235,0.017500514,1.101728556
2015/12/25,100.29,100.26,100.385,100.17,100.2520326,98.37446741,99.31325,0.018905485,1.00424348
2015/12/28,100.265,100.48,100.48,100.12,100.442114,98.33088596,99.3865,0.021242604,1.017944987
2015/12/29,100.495,100.23,100.59,100.205,100.5345992,98.38640084,99.4605,0.021598507,0.858207152
2015/12/30,100.19,100.15,100.275,100.01,100.5997386,98.45326144,99.5265,0.02156689,0.79047596
2015/12/31,100.125,100.035,100.365,100.01,100.6425676,98.51743236,99.58,0.021340985,0.714104016
2016/1/4,100,99.865,100.03,99.665,100.6458851,98.61461485,99.63025,0.020388088,0.615568076
2016/1/5,99.76,99.595,99.935,99.58,100.6294824,98.69551758,99.6625,0.019405141,0.465097607
2016/1/6,99.55,100.02,100.04,99.5,100.657741,98.74975904,99.70375,0.019136511,0.665751047
2016/1/7,100.085,99.865,100.395,99.755,100.6623458,98.81465423,99.7385,0.018525359,0.568463809
2016/1/8,99.96,100.24,100.295,99.935,100.6956081,98.89489188,99.79525,0.018044108,0.746985054
2016/1/11,100.21,100.23,100.355,100.115,100.7354026,98.94109742,99.83825,0.017972121,0.71832964
2016/1/12,100.305,100.62,100.65,100.24,100.7677611,99.08373887,99.92575,0.016852736,0.912257019
2016/1/13,100.805,100.82,100.86,100.595,100.8476317,99.17736827,100.0125,0.016700547,0.983456666
2016/1/14,100.905,100.445,100.945,100.38,100.8337128,99.31978715,100.07675,0.015127646,0.743241793
2016/1/15,100.38,100.645,100.675,100.33,100.8174212,99.48557883,100.1515,0.013298276,0.870539356
2016/1/18,100.61,100.285,100.61,100.12,100.7974915,99.57800846,100.18775,0.012171978,0.579746903
2016/1/19,100.295,100.13,100.4,100.07,100.7888897,99.61911027,100.204,0.01167398,0.436740213
2016/1/20,100.13,100.27,100.29,99.905,100.7912445,99.65325549,100.22225,0.011354654,0.541959983
2016/1/21,100.205,100.365,100.435,100.095,100.802402,99.68059805,100.2415,0.011191013,0.610090542
2016/1/22,100.39,100.42,100.525,100.28,100.8146192,99.68238075,100.2485,0.011294319,0.651469855
2016/1/25,100.2,99.835,100.215,99.81,100.8212658,99.63323422,100.22725,0.011853379,0.169832005
2016/1/26,99.87,99.91,100.09,99.8,100.7962103,99.60128975,100.19875,0.011925503,0.258352125
2016/1/27,99.695,99.77,99.96,99.6,100.8013799,99.55012012,100.17575,0.012490645,0.175726806
2016/1/28,99.805,99.965,100,99.72,100.798814,99.534186,100.1665,0.012625259,0.340664608
2016/1/29,100.2,100.365,100.395,100.055,100.8179441,99.54805591,100.183,0.012675685,0.643319705
2016/2/1,100.395,100.34,100.495,100.275,100.8277192,99.5857808,100.20675,0.01239376,0.607291955
2016/2/2,100.34,99.92,100.48,99.9,100.7940902,99.65190981,100.223,0.01139639,0.234717906
2016/2/3,99.68,100.07,100.1,99.66,100.7934428,99.65755722,100.2255,0.011333299,0.363102406
2016/2/4,100,100.25,100.32,100,100.7880775,99.70142252,100.24475,0.010840019,0.50483134
2016/2/5,100.25,100.295,100.4,100.24,100.7912601,99.70373994,100.2475,0.010848351,0.543677353
2016/2/15,100.55,100.7,100.71,100.415,100.8492352,99.69276475,100.271,0.011533449,0.870956287
2016/2/16,100.655,100.36,100.66,100.31,100.8155877,99.70041234,100.258,0.011123056,0.591465439
2016/2/17,100.305,100.415,100.475,100.275,100.7387737,99.7367263,100.23775,0.009996707,0.676887839
2016/2/18,99.72,99.89,99.935,99.575,100.7233615,99.69663853,100.21,0.010245713,0.188328772
2016/2/19,99.94,99.765,99.965,99.745,100.6734998,99.65850025,100.166,0.010133174,0.104925917
2016/2/22,99.72,99.695,99.735,99.535,100.6802012,99.5927988,100.1365,0.010859201,0.093986553
2016/2/23,99.69,99.605,99.78,99.585,100.7013039,99.51919607,100.11025,0.01180806,0.072585535
2016/2/24,99.6,99.51,99.74,99.505,100.7129721,99.43152795,100.07225,0.012805189,0.061237204
2016/2/25,99.45,99.345,99.65,99.31,100.7203628,99.32213717,100.02125,0.013979286,0.016351317
2016/2/26,99.345,99.42,99.475,99.19,100.6918461,99.25065389,99.97125,0.014416067,0.117504179
2016/2/29,99.375,99.46,99.49,99.26,100.7051055,99.19989453,99.9525,0.015059263,0.172803337
2016/3/1,99.65,99.385,99.655,99.24,100.7185307,99.13396927,99.92625,0.015857309,0.158422841
2016/3/2,99.35,99.135,99.415,99.055,100.7570596,99.03194044,99.8945,0.01726941,0.059740549
2016/3/3,99.09,98.96,99.15,98.88,100.7969161,98.89158387,99.84425,0.019083044,0.035907715
2016/3/4,98.89,99.085,99.24,98.88,100.7560803,98.80441971,99.78025,0.019559588,0.1437649
2016/3/7,98.99,98.695,99,98.645,100.7458903,98.65010974,99.698,0.02102129,0.021419352
2016/3/8,98.55,98.82,98.955,98.535,100.7521862,98.53381381,99.643,0.022263203,0.129007281
2016/3/9,98.99,99.135,99.195,98.96,100.7083196,98.48418042,99.59625,0.022331555,0.292616394
2016/3/10,99.3,99.42,99.425,99.03,100.6273845,98.48211551,99.55475,0.021548635,0.437187364
2016/3/11,99.4,99.79,99.79,99.375,100.5539359,98.50506406,99.5295,0.020585574,0.627143138
2016/3/14,99.69,99.65,99.745,99.53,100.352976,98.60102397,99.477,0.017611629,0.598746995
2016/3/15,99.625,99.71,99.75,99.455,100.2306482,98.6583518,99.4445,0.015810793,0.66886129
2016/3/16,99.7,99.985,100.035,99.645,100.1203048,98.72569519,99.423,0.014027032,0.902980154
2016/3/17,100,99.695,100.01,99.655,100.089292,98.73720803,99.41325,0.013600641,0.708382032
2016/3/18,99.685,99.68,99.745,99.57,100.0771661,98.74083385,99.409,0.01344277,0.702793872
2016/3/21,99.6,99.51,99.635,99.385,100.0568533,98.7426467,99.39975,0.013221428,0.583890919
2016/3/22,99.445,99.625,99.705,99.44,100.0591593,98.74234074,99.40075,0.013247571,0.670296816
2016/3/23,99.63,99.645,99.765,99.56,100.072981,98.74201897,99.4075,0.01338895,0.678442352
2016/3/24,99.675,99.855,99.915,99.655,100.1254839,98.74051607,99.433,0.013928654,0.804700209
2016/3/25,99.775,99.815,99.88,99.6,100.1648769,98.74062308,99.45275,0.01432091,0.754343706
2016/3/28,99.72,99.615,99.745,99.595,100.1761389,98.74486112,99.4605,0.014390414,0.607945505
2016/3/29,99.605,99.805,99.855,99.57,100.2115486,98.75145137,99.4815,0.014677073,0.721560583
2016/3/30,99.825,99.8,99.9,99.695,100.2391979,98.79030211,99.51475,0.014559608,0.696874063
2016/3/31,99.805,99.8,99.94,99.72,100.2441311,98.86936892,99.55675,0.013808829,0.676939697
2016/4/1,99.74,99.87,99.915,99.73,100.260414,98.93158597,99.596,0.013342183,0.70619673
2016/4/5,99.925,99.63,99.97,99.605,100.162918,99.122582,99.64275,0.010440659,0.487744344
2016/4/6,99.65,99.575,99.705,99.51,100.0416219,99.31937814,99.6805,0.007245587,0.353927426
2016/4/7,99.58,99.475,99.62,99.42,99.97711581,99.41788419,99.6975,0.005609284,0.102132652
2016/4/8,99.495,99.68,99.78,99.46,99.95983712,99.46116288,99.7105,0.005001221,0.438837828
2016/4/11,99.64,99.745,99.83,99.605,99.95548016,99.46101984,99.70825,0.004959071,0.574323458
2016/4/12,99.76,99.75,99.795,99.67,99.95960899,99.46689101,99.71325,0.004941349,0.574586279
2016/4/13,99.705,99.55,99.705,99.38,99.96169639,99.44880361,99.70525,0.00514409,0.197305154
2016/4/14,99.515,99.265,99.57,99.205,99.95854699,99.37995301,99.66925,0.00580514,-0.198676464
2016/4/15,99.265,99.485,99.565,99.265,99.95859788,99.35890212,99.65875,0.006017492,0.210269752
2016/4/18,99.5,99.505,99.68,99.42,99.95698534,99.34301466,99.65,0.006161271,0.263832372
2016/4/19,99.485,99.58,99.64,99.405,99.9555778,99.3514222,99.6535,0.006062563,0.378342601
2016/4/20,99.45,99.295,99.53,99.22,99.97715291,99.29684709,99.637,0.006827843,-0.002715092
2016/4/21,99.225,99.305,99.43,99.135,99.98956731,99.25043269,99.62,0.007419541,0.073825948
2016/4/22,99.355,99.385,99.47,99.26,99.9630665,99.2299335,99.5965,0.007361032,0.211512101
2016/4/25,99.305,99.05,99.345,99.04,99.98098248,99.13551752,99.55825,0.008492164,-0.101148508
2016/4/26,99.15,99.345,99.41,99.11,99.97651933,99.11298068,99.54475,0.008674879,0.268684355
2016/4/27,99.405,99.345,99.475,99.305,99.94452979,99.09897021,99.52175,0.008496229,0.290966829
2016/4/28,99.435,99.61,99.645,99.39,99.91778021,99.10671979,99.51225,0.008150358,0.620521231
2016/4/29,99.55,99.515,99.635,99.475,99.88151532,99.11448468,99.498,0.007709006,0.522163391
2016/5/3,99.64,99.75,99.83,99.63,99.8552685,99.1287315,99.492,0.007302466,0.855109242
2016/5/4,99.73,99.845,99.865,99.685,99.89340938,99.11209062,99.50275,0.007852233,0.938041448
2016/5/5,99.84,99.85,99.88,99.76,99.93474753,99.09825247,99.5165,0.008405592,0.898687347
2016/5/6,99.815,99.875,99.955,99.725,99.98224769,99.09075231,99.5365,0.008956467,0.87969911
2016/5/9,99.935,100.245,100.33,99.935,100.1049118,99.02458822,99.56475,0.010850462,1.129672464
2016/5/10,100.26,100.35,100.545,100.205,100.231349,98.95865104,99.595,0.012778733,1.093227966
2016/5/11,99.26,99.195,99.305,99.085,100.2222727,98.91222729,99.56725,0.013157393,0.215849546
2016/5/12,99.285,99.49,99.51,99.275,100.2201103,98.90838969,99.56425,0.013174615,0.443394959
2016/5/13,99.52,99.37,99.67,99.24,100.2173264,98.92167363,99.5695,0.013012546,0.346023556
2016/5/16,99.35,98.99,99.43,98.965,100.2397067,98.84979335,99.54475,0.013962698,0.100874387
2016/5/17,99.005,99.01,99.16,98.935,100.2530689,98.78693111,99.52,0.014732092,0.152147291
2016/5/18,98.935,98.795,98.965,98.74,100.2780158,98.6834842,99.48075,0.016028544,0.069936398
2016/5/19,98.7,98.845,98.925,98.615,100.2994056,98.6170944,99.45825,0.016914748,0.135471727
2016/5/20,98.895,99.095,99.145,98.875,100.3014448,98.59405524,99.44775,0.017168709,0.293398053
2016/5/23,99.09,99.075,99.18,98.925,100.3010623,98.56343774,99.43225,0.017475462,0.294403224
2016/5/24,99.105,99.29,99.3,99.05,100.2981134,98.59038657,99.44425,0.017172706,0.409675251
2016/5/25,99.305,99.27,99.325,99.185,100.2967295,98.58427047,99.4405,0.017220942,0.400435575
2016/5/26,99.26,99.14,99.26,99.065,100.2956659,98.56483406,99.43025,0.017407498,0.33230607
2016/5/27,99.08,99.07,99.155,98.99,100.2781916,98.52830843,99.40325,0.017603883,0.309558711
2016/5/30,99.12,98.93,99.205,98.895,100.2708813,98.47711874,99.374,0.018050622,0.252475596
2016/5/31,98.95,99.145,99.15,98.875,100.2285939,98.45890609,99.34375,0.017813781,0.387692057
2016/6/1,99.09,99.075,99.145,99.005,100.1661883,98.4443117,99.30525,0.01733923,0.366279616
2016/6/2,99.045,98.945,99.08,98.88,100.0964389,98.42356112,99.26,0.016853493,0.311701723
2016/6/3,98.9,98.985,98.99,98.78,100.009974,98.42102596,99.2155,0.016015119,0.354935474
2016/6/6,99.045,99.04,99.16,99.02,99.79622952,98.51427048,99.15525,0.012928807,0.410098532
2016/6/7,99.04,98.955,99.075,98.95,99.4230337,98.7479663,99.0855,0.006812979,0.306685971
2016/6/8,98.96,98.94,99.065,98.905,99.41203565,98.73346435,99.07275,0.006849222,0.304368382
2016/6/13,99,99.19,99.205,98.985,99.34435905,98.77114095,99.05775,0.005786706,0.730714972
2016/6/14,99.255,99.41,99.48,99.215,99.35546058,98.76403942,99.05975,0.005970348,1.092217557
2016/6/15,99.475,99.485,99.5,99.365,99.43118285,98.73781715,99.0845,0.006997721,1.077617262
2016/6/16,99.515,99.795,99.835,99.515,99.58622027,98.66127973,99.12375,0.00933117,1.225722327
2016/6/17,99.755,99.73,99.835,99.67,99.67748028,98.66351972,99.1705,0.010224417,1.051796615
2016/6/20,99.68,99.715,99.8,99.61,99.75025181,98.67774819,99.214,0.010810003,0.967131293
2016/6/21,99.66,99.835,99.86,99.585,99.84798074,98.65401926,99.251,0.012029717,0.98912801
2016/6/22,99.77,99.88,100.04,99.77,99.94151052,98.64098948,99.29125,0.013098043,0.952703169
2016/6/23,99.88,99.865,99.975,99.815,100.016685,98.62331499,99.32,0.014029098,0.891138028
2016/6/24,99.95,100.165,100.295,99.87,100.1519379,98.57756213,99.36475,0.015844409,1.008296701
2016/6/27,100.19,100.45,100.515,100.19,100.3401702,98.52032981,99.43025,0.018302683,1.060351343
2016/6/28,100.475,100.14,100.57,100.135,100.4278362,98.5396638,99.48375,0.018979707,0.847558306
2016/6/29,100.09,100.105,100.275,100.03,100.4876746,98.59732541,99.5425,0.018990373,0.797564073
2016/6/30,100.19,100.39,100.43,100.115,100.5996896,98.60981043,99.60475,0.019977753,0.894621956
2016/7/1,100.455,100.63,100.665,100.435,100.7407178,98.62428216,99.6825,0.021231768,0.94768665
2016/7/4,100.655,100.36,100.715,100.285,100.7938377,98.71266231,99.75325,0.020863234,0.791541983
2016/7/5,100.275,100.265,100.46,100.215,100.8176373,98.8168627,99.81725,0.020044377,0.723788327
2016/7/6,100.365,100.43,100.585,100.345,100.8540776,98.91942237,99.88675,0.019368487,0.78079938
2016/7/7,100.55,100.69,100.695,100.535,100.9014176,99.04558244,99.9735,0.01856327,0.886079556
2016/7/8,100.73,100.695,100.76,100.455,100.9102016,99.21229844,100.06125,0.016968638,0.873254512
2016/7/11,100.585,100.495,100.64,100.435,100.8942897,99.35871032,100.1265,0.015336393,0.739974571
2016/7/12,100.45,100.315,100.47,100.27,100.8687025,99.47479753,100.17175,0.01391515,0.602768844
2016/7/13,100.25,100.25,100.39,100.185,100.8319244,99.58807557,100.21,0.012412423,0.532158248
2016/7/14,100.31,100.32,100.45,100.29,100.8295533,99.64294675,100.23625,0.011838098,0.570579421
2016/7/15,100.305,100.55,100.585,100.17,100.8373524,99.71714755,100.27725,0.011171077,0.743482243
2016/7/18,100.525,100.545,100.67,100.445,100.8266267,99.81087329,100.31875,0.01012526,0.722741068
2016/7/19,100.545,100.6,100.645,100.485,100.827217,99.88678303,100.357,0.009370885,0.758391354
2016/7/20,100.7,100.895,100.935,100.645,100.8801743,99.93532567,100.40775,0.009410117,1.01569105
2016/7/21,101.025,100.955,101.18,100.905,100.9229937,100.0015063,100.46225,0.009172474,1.034733311
2016/7/22,100.845,100.96,101.055,100.75,100.9896925,100.0143075,100.502,0.009705131,0.969558149
2016/7/25,100.9,100.795,100.945,100.74,101.022522,100.015978,100.51925,0.010013446,0.7739572
2016/7/26,100.755,100.99,101.035,100.705,101.0732309,100.0502691,100.56175,0.010172475,0.918637302
2016/7/27,101.015,100.9,101.07,100.85,101.0877623,100.1152377,100.6015,0.009667098,0.806933126
2016/7/28,101,101.165,101.18,100.9,101.1741084,100.1063916,100.64025,0.010609242,0.991469309
2016/7/29,101.175,101.065,101.225,101.01,101.2269549,100.0970451,100.662,0.011224789,0.85666566
2016/8/1,101.09,100.935,101.145,100.93,101.2497963,100.1317037,100.69075,0.011104223,0.718452395
2016/8/2,100.93,101.075,101.135,100.89,101.2782863,100.1842137,100.73125,0.010861303,0.814193024
2016/8/3,101.075,101.185,101.24,101.045,101.3316509,100.2063491,100.769,0.011167142,0.869678626
2016/8/4,101.18,101.21,101.23,101.1,101.3878912,100.2021088,100.795,0.011764298,0.849979883
2016/8/5,101.25,101.465,101.485,101.245,101.4918092,100.1751908,100.8335,0.013057351,0.979637837
2016/8/8,101.395,101.475,101.495,101.315,101.5775935,100.1874065,100.8825,0.01378026,0.926201643
2016/8/9,101.46,101.59,101.67,101.45,101.655192,100.237308,100.94625,0.01404593,0.954021631
2016/8/10,101.745,101.65,101.97,101.63,101.7127403,100.3197597,101.01625,0.013789669,0.954959669
2016/8/11,101.17,101.315,101.365,101.035,101.6953616,100.4366384,101.066,0.012454467,0.697819511
2016/8/12,101.315,101.55,101.61,101.175,101.7321948,100.4998052,101.116,0.012187879,0.852161377
2016/8/15,101.71,101.71,101.965,101.61,101.7837438,100.5647562,101.17425,0.012048399,0.939504026
2016/8/16,101.7,101.48,101.825,101.46,101.780818,100.655682,101.21825,0.01111594,0.732638545
2016/8/18,101.5,101.435,101.585,101.295,101.7948542,100.6956458,101.24525,0.010856888,0.672624234
2016/8/19,101.38,101.185,101.395,101.085,101.7909903,100.7225097,101.25675,0.010552192,0.432848576
2016/8/22,101.11,101.375,101.39,101.07,101.7960316,100.7589684,101.2775,0.010239818,0.594015489
2016/8/23,101.32,100.985,101.35,100.845,101.7759417,100.7980583,101.287,0.00965458,0.191169733
2016/8/24,100.86,100.97,101.075,100.79,101.7774428,100.7945572,101.286,0.009704061,0.178497664
2016/8/25,101.055,100.915,101.145,100.845,101.7758745,100.7976255,101.28675,0.009658212,0.119984257
2016/8/26,100.945,101.155,101.185,100.87,101.7758915,100.7966086,101.28625,0.009668468,0.365973357
2016/8/29,101.055,100.955,101.06,100.885,101.7825296,100.7789704,101.28075,0.009908686,0.175405287
2016/8/30,100.915,100.61,100.935,100.605,101.827349,100.701651,101.2645,0.011116413,-0.081417038
2016/8/31,100.655,100.7,100.785,100.6,101.8556211,100.6358789,101.24575,0.012047342,0.052569382
2016/9/1,100.66,100.77,100.82,100.525,101.8690109,100.5809891,101.225,0.012724344,0.146745093
2016/9/2,100.85,100.74,100.92,100.69,101.8793945,100.5236055,101.2015,0.013396927,0.159607818
2016/9/5,100.725,100.705,100.76,100.61,101.8629148,100.4640852,101.1635,0.013827413,0.17222596
2016/9/6,100.7,100.62,100.78,100.57,101.8429292,100.3985708,101.12075,0.014283501,0.153306255
2016/9/7,100.66,100.565,100.73,100.49,101.796665,100.342335,101.0695,0.014389406,0.153104887
2016/9/8,100.56,100.755,100.77,100.52,101.7126052,100.3368948,101.02475,0.013617558,0.303919482
2016/9/9,100.715,100.85,100.97,100.655,101.6799106,100.3230894,101.0015,0.013433675,0.388341964
2016/9/12,100.75,100.645,100.785,100.605,101.6022366,100.3102634,100.95625,0.012797358,0.259089448
2016/9/13,100.68,100.92,100.945,100.68,101.4623623,100.3711377,100.91675,0.010813116,0.502978305
2016/9/14,100.865,100.975,101.105,100.795,101.3735488,100.4094512,100.8915,0.009555785,0.586609497
2016/9/19,100.965,101.01,101.055,100.89,101.2877362,100.4527638,100.87025,0.008277688,0.667370791
2016/9/26,101.155,101.25,101.285,101.115,101.3016133,100.4453867,100.8735,0.008488122,0.939720043
